STATEFIPS,STATE,zipcode,Returns_pct1,Returns_pct2,Returns_pct3,Returns_pct4,Returns_pct5,Returns_pct6,total
21,KY,40003,34.48,25.29,14.94,12.64,12.64,0,870
21,KY,40004,36.6,26.94,14.85,9.59,10.02,1.99,14070
21,KY,40006,36.79,25,16.51,10.38,10.38,0.94,2120
21,KY,40007,41.67,33.33,0,25,0,0,120
21,KY,40008,36.52,26.4,15.73,10.67,10.67,0,1780
21,KY,40009,42.11,28.95,15.79,13.16,0,0,380
21,KY,40010,31.25,12.5,9.38,9.38,28.13,9.38,320
21,KY,40011,36.7,26.61,16.51,10.09,10.09,0,1090
21,KY,40012,38.46,30.77,23.08,0,7.69,0,260
21,KY,40013,29.14,23.38,16.91,13.67,15.11,1.8,2780
21,KY,40014,27.59,17.63,12.24,10.48,23.13,8.92,9640
21,KY,40019,40.94,28.65,14.62,8.19,7.6,0,1710
21,KY,40022,32.65,16.33,10.2,14.29,18.37,8.16,490
21,KY,40023,25,12.89,11.33,11.33,28.13,11.33,2560
21,KY,40026,27.59,12.64,9.58,11.11,24.9,14.18,2610
21,KY,40031,31.14,20.9,14,10.87,18.7,4.39,9570
21,KY,40033,40.56,29.35,13.46,8.04,7.29,1.31,5350
21,KY,40036,40,40,20,0,0,0,100
21,KY,40037,36.15,28.46,17.69,10,7.69,0,1300
21,KY,40040,45.45,22.73,13.64,18.18,0,0,220
21,KY,40041,23.53,11.76,29.41,0,35.29,0,170
21,KY,40045,39.55,24.63,14.93,11.19,9.7,0,1340
21,KY,40046,33.33,25.64,16.67,11.54,12.82,0,780
21,KY,40047,28.82,23.31,16.44,13.15,16.54,1.74,10340
21,KY,40050,38.57,30,12.86,10,8.57,0,700
21,KY,40051,39.11,27.72,14.85,10.89,6.44,0.99,2020
21,KY,40052,42.31,26.92,19.23,11.54,0,0,260
21,KY,40055,34.38,19.79,14.58,12.5,18.75,0,960
21,KY,40056,29.59,19.53,14.2,10.06,18.93,7.69,1690
21,KY,40057,38.51,29.05,14.86,8.78,8.78,0,1480
21,KY,40059,24.29,10.07,8.97,7.66,23.63,25.38,9140
21,KY,40060,40.82,26.53,16.33,10.2,6.12,0,490
21,KY,40062,40,33.33,26.67,0,0,0,150
21,KY,40065,34.65,26.7,14.37,9.7,12.18,2.41,13710
21,KY,40067,31.85,18.55,12.9,9.68,17.34,9.68,2480
21,KY,40068,31.4,21.49,14.88,10.74,16.53,4.96,1210
21,KY,40069,38.22,28.8,13.61,9.69,8.12,1.57,3820
21,KY,40070,37.5,29.17,16.67,8.33,8.33,0,240
21,KY,40071,30.52,21.06,15.62,12.75,17.91,2.15,6980
21,KY,40075,36,26,18,10,10,0,500
21,KY,40076,32.52,25.2,17.07,12.2,11.38,1.63,1230
21,KY,40077,30,26.67,16.67,10,16.67,0,300
21,KY,40078,41.41,29.29,14.14,8.08,7.07,0,990
21,KY,40104,41.3,28.26,15.22,8.7,6.52,0,460
21,KY,40107,34.65,27.72,15.84,10.89,8.91,1.98,1010
21,KY,40108,34.19,24.63,15.44,11.76,12.5,1.47,5440
21,KY,40109,33.07,25.2,17.32,11.02,13.39,0,1270
21,KY,40111,43.1,25.86,15.52,8.62,6.9,0,580
21,KY,40115,44.83,24.14,17.24,13.79,0,0,290
21,KY,40117,36.8,26.4,15.2,11.2,10.4,0,1250
21,KY,40118,41.95,31.29,14.06,7.03,5.67,0,4410
21,KY,40119,45.57,24.05,13.92,7.59,8.86,0,790
21,KY,40121,25.48,28.57,21.62,13.13,11.2,0,2590
21,KY,40140,40.63,28.13,18.75,6.25,6.25,0,320
21,KY,40142,35.05,27.84,15.46,9.28,12.37,0,970
21,KY,40143,38.79,26.29,15.09,8.62,9.91,1.29,2320
21,KY,40144,43.24,24.32,16.22,8.11,8.11,0,740
21,KY,40145,50,25,12.5,12.5,0,0,320
21,KY,40146,42.67,28.67,14,8,5.33,1.33,1500
21,KY,40150,36.82,28.86,14.43,10.95,8.96,0,2010
21,KY,40152,38.71,22.58,12.9,12.9,12.9,0,310
21,KY,40155,57.89,23.68,13.16,5.26,0,0,380
21,KY,40157,39.53,23.26,16.28,11.63,9.3,0,430
21,KY,40160,43.95,29,13.28,7.81,5.47,0.49,10240
21,KY,40162,31.84,21.72,15.73,14.23,15.36,1.12,2670
21,KY,40165,33.98,25.63,14.95,11.35,12.63,1.46,16390
21,KY,40170,54.55,18.18,27.27,0,0,0,110
21,KY,40171,60,0,20,20,0,0,100
21,KY,40175,33.96,25.94,16.51,11.79,10.69,1.1,6360
21,KY,40176,37.5,27.08,14.58,10.42,10.42,0,480
21,KY,40177,41.54,30.77,15.38,6.15,6.15,0,650
21,KY,40178,37.5,25,18.75,18.75,0,0,160
21,KY,40202,49.08,21.56,9.63,4.13,7.8,7.8,2180
21,KY,40203,63.9,24.79,6.16,2.58,2.15,0.43,6980
21,KY,40204,32.02,28.19,15.28,7.77,10.67,6.06,7590
21,KY,40205,25.57,19.22,14.65,10.67,20.07,9.82,11810
21,KY,40206,31.74,28.12,14.87,7.82,11.53,5.91,10490
21,KY,40207,26.03,19.77,13.2,9.73,18.64,12.63,15830
21,KY,40208,58.56,27.19,7.03,3.04,3.04,1.14,5260
21,KY,40209,46.15,34.62,11.54,7.69,0,0,260
21,KY,40210,62.13,29.07,5.81,1.83,1.16,0,6020
21,KY,40211,59.77,29.11,6.96,2.49,1.66,0,9620
21,KY,40212,61.28,28.09,6.84,2.33,1.46,0,6870
21,KY,40213,42.94,31.18,12.59,6.12,6,1.18,8500
21,KY,40214,44.77,31.1,10.64,6.15,6.51,0.83,21800
21,KY,40215,54.99,31.75,8.5,3.06,1.7,0,8820
21,KY,40216,42.42,32.99,13,6.55,4.74,0.29,20460
21,KY,40217,36.73,31.48,15.59,8.64,6.94,0.62,6480
21,KY,40218,44.92,33,11.86,5.43,4.48,0.32,15850
21,KY,40219,43.23,33.8,12.45,5.83,4.43,0.26,19200
21,KY,40220,32.39,27.32,16.77,9.91,11.76,1.84,17350
21,KY,40222,26.71,23.69,14.02,10.12,16.42,9.05,11270
21,KY,40223,27.72,20.02,14.37,10.27,18.48,9.15,11690
21,KY,40228,31.98,27.23,16.61,11.19,11.98,1.02,8850
21,KY,40229,35.97,30.27,15.77,9.57,7.86,0.55,18070
21,KY,40241,25.98,19.62,13.85,10.83,20.41,9.32,15240
21,KY,40242,29.16,25.05,14.95,10.65,16.64,3.55,5350
21,KY,40243,29.54,21.53,16.19,11.74,17.97,3.02,5620
21,KY,40245,24.31,14.92,11.72,10.19,25.23,13.63,16290
21,KY,40258,38.06,30.85,15.35,8.45,6.98,0.31,12900
21,KY,40272,38,29.67,14.72,8.63,8.33,0.65,16920
21,KY,40291,29.83,25.47,15.75,10.97,15.38,2.6,19240
21,KY,40299,28.97,22.55,15.15,11.23,18.24,3.87,20400
21,KY,40310,40,25.71,17.14,8.57,8.57,0,350
21,KY,40311,45.05,27.84,13.55,6.59,6.96,0,2730
21,KY,40312,49.31,26.73,12.9,6.45,4.61,0,2170
21,KY,40313,54.08,25.51,11.22,5.1,4.08,0,980
21,KY,40316,50,25,25,0,0,0,120
21,KY,40322,45.61,28.95,13.16,7.89,4.39,0,1140
21,KY,40324,31.81,22.65,15.29,11.51,15.76,2.97,21190
21,KY,40328,42.55,29.79,12.77,8.51,6.38,0,470
21,KY,40330,38.77,25.97,14.86,9.9,9.18,1.33,8280
21,KY,40336,46.22,26.47,13.66,7.14,5.88,0.63,4760
21,KY,40337,44.6,29.58,14.08,7.04,4.69,0,2130
21,KY,40342,33.72,26.61,15.79,11.21,11.11,1.56,10260
21,KY,40346,50,25,14.29,10.71,0,0,280
21,KY,40347,31.47,23.78,13.29,9.79,16.08,5.59,1430
21,KY,40348,52.38,23.81,9.52,14.29,0,0,210
21,KY,40350,54.55,45.45,0,0,0,0,110
21,KY,40351,42.6,25.56,13.76,8.26,8.26,1.57,7630
21,KY,40353,40.17,26.71,14.22,8.9,8.36,1.63,9210
21,KY,40356,38.04,24.4,13.54,8.76,10.48,4.78,18610
21,KY,40358,44.83,24.14,13.79,10.34,6.9,0,290
21,KY,40359,39.31,26.9,15.86,8.62,8.62,0.69,2900
21,KY,40360,44.93,28.26,12.32,7.61,6.16,0.72,2760
21,KY,40361,40.65,26.62,12.99,8.7,9.09,1.95,7700
21,KY,40363,33.33,16.67,25,25,0,0,120
21,KY,40370,32.8,24,16,12,13.6,1.6,1250
21,KY,40371,43.27,28.85,14.42,7.69,5.77,0,1040
21,KY,40372,32.04,26.21,15.53,11.65,14.56,0,1030
21,KY,40374,46.97,27.27,12.12,6.06,7.58,0,660
21,KY,40379,34.59,23.27,15.09,10.06,15.09,1.89,1590
21,KY,40380,45.29,27.17,13.04,7.97,6.52,0,2760
21,KY,40383,33.87,23.15,13.69,9.91,15.32,4.05,11100
21,KY,40385,39.84,25,17.97,10.16,7.03,0,1280
21,KY,40387,48.53,27.94,14.71,5.88,2.94,0,680
21,KY,40390,39.64,24.73,14.55,9.09,9.82,2.18,2750
21,KY,40391,39.62,25.52,13.51,9.2,10.38,1.76,15320
21,KY,40402,46.73,26.17,14.95,7.48,4.67,0,1070
21,KY,40403,38.32,25.54,17.22,9.56,8.33,1.04,10570
21,KY,40409,44.12,26.47,15.44,8.09,5.88,0,1360
21,KY,40419,46.54,27.67,13.21,8.18,4.4,0,1590
21,KY,40422,38.45,25.08,13.38,9.2,11.08,2.82,9570
21,KY,40437,43.71,28.74,13.17,7.78,6.59,0,1670
21,KY,40440,41.05,32.63,14.74,6.32,5.26,0,950
21,KY,40442,51.22,24.39,14.63,9.76,0,0,410
21,KY,40444,39.12,24.56,15.09,10.35,9.47,1.4,5700
21,KY,40445,50,32.14,10.71,7.14,0,0,280
21,KY,40447,46.19,27.54,14.41,7.2,4.66,0,2360
21,KY,40456,42.69,28.36,14.93,7.46,5.67,0.9,3350
21,KY,40460,46.67,30,13.33,10,0,0,300
21,KY,40461,36.73,25.51,16.33,10.2,11.22,0,980
21,KY,40464,38.46,33.33,15.38,12.82,0,0,390
21,KY,40468,37.33,28,17.33,9.33,8,0,750
21,KY,40472,49.06,24.53,15.09,7.55,3.77,0,530
21,KY,40475,38.79,23.02,13.45,9.27,12.72,2.76,23200
21,KY,40481,42.86,23.81,19.05,14.29,0,0,210
21,KY,40484,42.12,26.97,14.94,8.09,6.85,1.04,4820
21,KY,40486,45.45,28.57,14.29,6.49,5.19,0,770
21,KY,40489,46.67,27.41,14.81,5.93,5.19,0,1350
21,KY,40502,30.42,20.31,11.43,7.72,17.14,12.97,12950
21,KY,40503,33.06,23.75,15.05,10.74,14.22,3.18,13220
21,KY,40504,48.57,27.6,10.76,5.7,6.16,1.2,10870
21,KY,40505,45.96,31.15,11.7,6.11,4.22,0.86,11620
21,KY,40507,36.84,23.16,13.68,7.37,9.47,9.47,950
21,KY,40508,59.25,24.57,7.23,3.03,3.9,2.02,6920
21,KY,40509,29.14,22.51,14.36,10.15,18.04,5.79,19010
21,KY,40510,35.42,16.67,10.42,8.33,16.67,12.5,480
21,KY,40511,34.97,29.1,15.72,9.03,9.66,1.52,14500
21,KY,40513,24.47,13.96,10.71,8.8,25.43,16.63,5230
21,KY,40514,27.15,19.49,16.94,13.17,20.43,2.82,7440
21,KY,40515,30.39,23.32,13.5,9.64,17.01,6.14,17110
21,KY,40516,32.31,27.69,14.62,9.23,11.54,4.62,1300
21,KY,40517,44.47,30.66,13.34,6.26,4.74,0.53,17090
21,KY,40601,35.63,27.36,14.76,9.48,10.89,1.87,24050
21,KY,40604,35.71,28.57,21.43,0,14.29,0,140
21,KY,40701,46.26,25.02,13.11,7.66,6.37,1.57,10830
21,KY,40729,48.36,24.88,13.62,6.57,5.63,0.94,2130
21,KY,40734,52.24,24.63,12.69,5.97,4.48,0,1340
21,KY,40737,50.94,24.53,15.09,5.66,3.77,0,530
21,KY,40740,47.32,26.79,15.18,6.25,4.46,0,1120
21,KY,40741,43.61,26.28,14.1,7.29,6.93,1.79,8370
21,KY,40743,34.12,30.59,12.94,8.24,10.59,3.53,850
21,KY,40744,42.7,25.82,13.76,9.22,6.81,1.7,7050
21,KY,40759,56.32,24.14,10.34,5.75,3.45,0,870
21,KY,40763,58.33,25,16.67,0,0,0,120
21,KY,40769,53.52,24.7,11.32,5.49,4.29,0.69,5830
21,KY,40771,54.17,29.17,10.42,6.25,0,0,480
21,KY,40806,47.37,22.37,14.47,7.89,7.89,0,760
21,KY,40807,47.37,21.05,15.79,15.79,0,0,190
21,KY,40810,48.65,27.03,13.51,10.81,0,0,370
21,KY,40813,43.48,30.43,13.04,13.04,0,0,230
21,KY,40815,58.97,20.51,12.82,7.69,0,0,390
21,KY,40819,50,25,12.5,12.5,0,0,240
21,KY,40820,63.64,36.36,0,0,0,0,110
21,KY,40823,54.81,22.12,12.5,5.77,4.81,0,1040
21,KY,40826,56.25,25,18.75,0,0,0,160
21,KY,40827,47.37,26.32,10.53,15.79,0,0,190
21,KY,40828,55.14,24.3,11.21,5.61,3.74,0,1070
21,KY,40829,48.28,24.14,13.79,13.79,0,0,290
21,KY,40831,47.88,23.03,12.12,6.67,7.88,2.42,1650
21,KY,40845,54.55,27.27,18.18,0,0,0,110
21,KY,40854,45.28,28.3,15.09,11.32,0,0,530
21,KY,40855,50,25,12.5,12.5,0,0,240
21,KY,40856,45,30,25,0,0,0,200
21,KY,40862,41.18,29.41,17.65,11.76,0,0,170
21,KY,40863,50,28.57,21.43,0,0,0,140
21,KY,40865,50,25,25,0,0,0,120
21,KY,40868,50,25,12.5,12.5,0,0,240
21,KY,40870,46.15,30.77,23.08,0,0,0,130
21,KY,40873,49.18,26.23,13.11,6.56,4.92,0,610
21,KY,40903,51.61,29.03,12.9,6.45,0,0,310
21,KY,40906,47.99,26.54,12.33,6.43,5.63,1.07,3730
21,KY,40914,52.63,26.32,21.05,0,0,0,190
21,KY,40915,51.16,25.58,13.95,9.3,0,0,430
21,KY,40923,56.67,26.67,6.67,10,0,0,300
21,KY,40927,45.45,27.27,27.27,0,0,0,110
21,KY,40935,57.81,26.56,12.5,0,3.13,0,640
21,KY,40939,55,20,25,0,0,0,200
21,KY,40940,55.56,33.33,11.11,0,0,0,180
21,KY,40941,64.29,21.43,14.29,0,0,0,140
21,KY,40943,51.52,30.3,9.09,9.09,0,0,330
21,KY,40949,44.83,27.59,13.79,13.79,0,0,290
21,KY,40953,57.14,23.81,19.05,0,0,0,210
21,KY,40958,60,26.67,13.33,0,0,0,150
21,KY,40962,50.88,25.54,12.09,5.85,4.87,0.78,5130
21,KY,40965,54.65,24.04,11.34,4.99,3.85,1.13,4410
21,KY,40972,61.9,23.81,7.14,7.14,0,0,420
21,KY,40977,48.53,25.37,13.24,7.35,5.51,0,2720
21,KY,40988,57.14,42.86,0,0,0,0,140
21,KY,41001,30.06,21.5,14.91,12.49,18.03,3.01,8650
21,KY,41002,39.18,25.77,17.53,8.25,9.28,0,970
21,KY,41003,39.8,25.51,18.37,9.18,7.14,0,980
21,KY,41004,36.36,27.27,17.58,10.3,8.48,0,1650
21,KY,41005,30.5,23.17,15.92,12.43,15.47,2.5,11180
21,KY,41006,34.87,24.1,16.41,10.26,12.82,1.54,1950
21,KY,41007,31.22,20.63,15.34,12.7,17.46,2.65,1890
21,KY,41008,42.26,24.19,14.19,9.03,9.35,0.97,3100
21,KY,41010,40.48,24.6,16.67,9.52,8.73,0,1260
21,KY,41011,39.58,25.52,12.33,7.64,10.16,4.77,11520
21,KY,41014,47.73,32.79,10.39,4.87,4.22,0,3080
21,KY,41015,38.06,25.92,13.67,8.88,11.02,2.45,9800
21,KY,41016,38.83,30.77,13.55,7.69,7.69,1.47,2730
21,KY,41017,28.71,21.89,14.21,10.54,16.52,8.13,19920
21,KY,41018,36.52,29.57,14.64,8.48,8.62,2.17,13800
21,KY,41030,37.91,26.71,14.08,9.03,10.11,2.17,2770
21,KY,41031,38.71,25.51,14.81,10.41,9.38,1.17,6820
21,KY,41033,33.68,27.37,16.84,10.53,11.58,0,950
21,KY,41034,35.71,30.95,11.9,9.52,11.9,0,420
21,KY,41035,37.97,27,15.61,9.49,8.86,1.05,4740
21,KY,41039,42.86,25,15.18,9.82,7.14,0,1120
21,KY,41040,40.52,27.45,15.03,9.15,6.86,0.98,3060
21,KY,41041,42.12,26.37,15.07,7.53,7.19,1.71,2920
21,KY,41042,34.96,27.49,15.06,9.29,11.1,2.1,24770
21,KY,41043,31.25,27.5,15,12.5,13.75,0,800
21,KY,41044,37.78,26.67,17.78,8.89,8.89,0,450
21,KY,41045,40.38,25,13.46,9.62,11.54,0,520
21,KY,41046,41.1,28.77,16.44,8.22,5.48,0,730
21,KY,41048,27.83,17.07,14.06,12.63,22.09,6.31,6970
21,KY,41049,42.05,26.14,15.91,9.09,6.82,0,880
21,KY,41051,29.23,21.83,16.26,13.55,17.36,1.76,13650
21,KY,41052,30.77,46.15,0,23.08,0,0,130
21,KY,41055,39.73,26.03,13.7,6.85,13.7,0,730
21,KY,41056,42.83,23.44,12.82,8.94,9.95,2.02,5930
21,KY,41059,32.03,23.44,15.63,10.16,14.84,3.91,1280
21,KY,41063,32.86,24.29,17.14,10.71,13.57,1.43,1400
21,KY,41064,41.1,28.77,15.07,8.22,6.85,0,730
21,KY,41071,40.43,28.22,14.05,6.81,8,2.49,9250
21,KY,41073,33.56,29.76,16.61,9.69,8.3,2.08,2890
21,KY,41074,42.55,28.94,12.34,6.81,7.66,1.7,2350
21,KY,41075,27.55,20.05,13.9,11.07,19.93,7.5,8130
21,KY,41076,31.27,24.69,15.51,10.17,14.64,3.72,8060
21,KY,41080,34.15,23.17,14.63,9.76,15.85,2.44,820
21,KY,41083,38.78,24.49,16.33,8.16,12.24,0,490
21,KY,41085,40,28.57,17.14,8.57,5.71,0,350
21,KY,41086,36.14,28.92,15.66,7.23,12.05,0,830
21,KY,41091,26.58,13.7,11.45,11.25,25.87,11.15,9780
21,KY,41092,31.68,22.98,14.91,9.94,14.29,6.21,1610
21,KY,41093,43.88,28.57,15.31,7.14,5.1,0,980
21,KY,41094,31.5,22.73,15.2,11.44,15.83,3.29,6380
21,KY,41095,39.88,30.06,14.72,6.75,8.59,0,1630
21,KY,41097,41.18,25.95,15.22,8.3,8.3,1.04,2890
21,KY,41098,43.75,25,15.63,7.81,7.81,0,640
21,KY,41101,45.28,22.28,12.83,7.9,8.6,3.1,7090
21,KY,41102,38.91,22.94,14.7,10.14,11.03,2.28,7890
21,KY,41121,40,26.15,15.38,7.69,10.77,0,650
21,KY,41124,51.61,25.81,16.13,6.45,0,0,310
21,KY,41129,36.02,23.92,13.98,9.95,13.71,2.42,3720
21,KY,41132,50,16.67,33.33,0,0,0,120
21,KY,41139,42.03,24.93,14.2,8.12,8.99,1.74,3450
21,KY,41141,44.71,27.06,14.12,8.24,5.88,0,850
21,KY,41143,41.87,24.3,14.39,9.72,8.6,1.12,5350
21,KY,41144,40.77,25.64,14.87,8.46,8.97,1.28,3900
21,KY,41146,54.55,27.27,18.18,0,0,0,220
21,KY,41149,52.94,23.53,23.53,0,0,0,170
21,KY,41159,46.15,30.77,23.08,0,0,0,130
21,KY,41164,44.77,28.51,13.36,7.57,5.12,0.67,4490
21,KY,41166,43.48,26.09,17.39,13.04,0,0,230
21,KY,41168,42.11,22.81,14.04,10.53,10.53,0,1140
21,KY,41169,35.56,22.18,13.81,11.72,13.81,2.93,2390
21,KY,41171,43.08,28.46,13.08,8.46,6.92,0,1300
21,KY,41174,37.5,30,15,7.5,10,0,400
21,KY,41175,41.98,23.11,15.57,9.91,9.43,0,2120
21,KY,41179,46.51,27.13,13.57,7.36,5.43,0,2580
21,KY,41180,50,21.88,15.63,6.25,6.25,0,320
21,KY,41183,36.23,27.54,14.49,11.59,10.14,0,690
21,KY,41189,38.54,30.21,14.58,9.38,7.29,0,960
21,KY,41203,53.85,23.08,23.08,0,0,0,130
21,KY,41204,53.33,26.67,20,0,0,0,150
21,KY,41214,56.25,18.75,25,0,0,0,160
21,KY,41216,36.84,23.68,21.05,7.89,10.53,0,380
21,KY,41219,44.44,25.4,17.46,7.94,4.76,0,630
21,KY,41222,44.71,24.71,15.29,7.06,8.24,0,850
21,KY,41224,46,24,13.33,8.67,8,0,1500
21,KY,41230,44.74,23.68,14.11,8.85,7.42,1.2,4180
21,KY,41231,50,18.75,15.63,9.38,6.25,0,320
21,KY,41232,47.62,23.81,14.29,14.29,0,0,210
21,KY,41234,47.37,21.05,15.79,15.79,0,0,190
21,KY,41238,42.11,21.05,13.16,13.16,10.53,0,380
21,KY,41240,42.92,24.46,13.3,8.58,8.58,2.15,2330
21,KY,41250,47.83,21.74,17.39,13.04,0,0,230
21,KY,41254,43.75,25,12.5,18.75,0,0,160
21,KY,41255,46.88,28.13,12.5,12.5,0,0,320
21,KY,41256,37.18,25.64,11.54,8.97,12.82,3.85,780
21,KY,41257,52.94,17.65,17.65,11.76,0,0,170
21,KY,41260,52.17,21.74,13.04,13.04,0,0,230
21,KY,41262,58.06,22.58,9.68,9.68,0,0,310
21,KY,41263,63.64,0,36.36,0,0,0,110
21,KY,41264,46.67,40,0,13.33,0,0,150
21,KY,41265,41.38,25.86,15.52,10.34,6.9,0,580
21,KY,41267,62.96,14.81,11.11,11.11,0,0,270
21,KY,41268,42.86,23.81,19.05,14.29,0,0,210
21,KY,41274,40.74,25.93,14.81,18.52,0,0,270
21,KY,41301,49.47,27.66,12.77,5.85,4.26,0,1880
21,KY,41311,50.26,26.15,12.82,6.15,4.62,0,1950
21,KY,41314,51.13,25.56,12.03,6.77,4.51,0,1330
21,KY,41317,54.55,45.45,0,0,0,0,110
21,KY,41332,45,30,20,0,5,0,400
21,KY,41339,46.67,27.27,13.33,6.97,4.85,0.91,3300
21,KY,41348,51.16,25.58,13.95,9.3,0,0,430
21,KY,41352,37.5,37.5,12.5,12.5,0,0,160
21,KY,41360,46.15,23.08,30.77,0,0,0,130
21,KY,41365,53.33,33.33,0,13.33,0,0,150
21,KY,41385,54.55,22.73,22.73,0,0,0,220
21,KY,41408,53.85,30.77,15.38,0,0,0,130
21,KY,41421,40,30,30,0,0,0,100
21,KY,41425,48.57,28.57,14.29,8.57,0,0,350
21,KY,41464,58.33,25,16.67,0,0,0,120
21,KY,41465,45.79,26.4,13.48,7.3,7.02,0,3560
21,KY,41472,42.26,28.06,15.16,7.74,5.48,1.29,3100
21,KY,41501,43.45,21.94,13.99,8.25,8.84,3.53,6790
21,KY,41503,38.1,23.81,14.29,9.52,14.29,0,210
21,KY,41512,52.17,21.74,13.04,13.04,0,0,230
21,KY,41513,46.15,38.46,0,15.38,0,0,130
21,KY,41514,44.35,24.35,14.78,9.57,6.96,0,1150
21,KY,41519,42.42,21.21,18.18,12.12,6.06,0,330
21,KY,41522,49.61,23.26,13.95,6.98,6.2,0,1290
21,KY,41524,63.64,18.18,18.18,0,0,0,110
21,KY,41527,35,20,15,10,20,0,200
21,KY,41528,53.33,26.67,20,0,0,0,150
21,KY,41531,39.39,27.27,15.15,12.12,6.06,0,330
21,KY,41535,50,25,25,0,0,0,120
21,KY,41537,51.49,23.13,11.94,6.72,6.72,0,1340
21,KY,41539,43.64,23.64,16.36,9.09,7.27,0,550
21,KY,41540,41.67,41.67,0,16.67,0,0,120
21,KY,41543,52.94,23.53,23.53,0,0,0,170
21,KY,41544,52.17,21.74,17.39,8.7,0,0,230
21,KY,41548,47.83,26.09,13.04,13.04,0,0,230
21,KY,41553,50.79,22.22,12.7,9.52,4.76,0,630
21,KY,41554,47.62,23.81,9.52,19.05,0,0,210
21,KY,41555,50,22.73,13.64,13.64,0,0,220
21,KY,41557,45.76,23.73,15.25,6.78,8.47,0,590
21,KY,41558,44.44,22.22,16.67,16.67,0,0,180
21,KY,41559,44.44,27.78,16.67,11.11,0,0,180
21,KY,41560,45,25,15,15,0,0,200
21,KY,41562,46.84,29.11,11.39,8.86,3.8,0,790
21,KY,41564,45.16,25.81,16.13,12.9,0,0,310
21,KY,41568,61.11,22.22,16.67,0,0,0,180
21,KY,41571,41.18,29.41,29.41,0,0,0,170
21,KY,41572,48.15,25.93,12.04,7.41,6.48,0,1080
21,KY,41601,36.96,28.26,15.22,8.7,10.87,0,460
21,KY,41602,42.86,25,17.86,14.29,0,0,280
21,KY,41603,46.94,20.41,14.29,6.12,12.24,0,490
21,KY,41605,45.45,27.27,12.12,6.06,9.09,0,330
21,KY,41606,53.33,26.67,20,0,0,0,150
21,KY,41607,50,33.33,16.67,0,0,0,120
21,KY,41615,36.84,26.32,15.79,21.05,0,0,190
21,KY,41616,52.94,29.41,0,17.65,0,0,170
21,KY,41622,40,26.67,20,13.33,0,0,150
21,KY,41630,51.52,27.27,15.15,0,6.06,0,330
21,KY,41631,54.17,20.83,16.67,8.33,0,0,240
21,KY,41632,50,28.57,21.43,0,0,0,140
21,KY,41635,48.45,23.71,12.37,7.22,8.25,0,970
21,KY,41636,55,30,15,0,0,0,200
21,KY,41640,48.57,25.71,8.57,8.57,8.57,0,350
21,KY,41642,42.86,19.05,19.05,19.05,0,0,210
21,KY,41645,44.44,27.78,11.11,8.33,8.33,0,360
21,KY,41647,52,26,12,6,4,0,500
21,KY,41649,51.76,24.71,9.41,7.06,7.06,0,850
21,KY,41650,52.38,28.57,19.05,0,0,0,210
21,KY,41653,42.75,24.87,13.73,7.77,8.81,2.07,3860
21,KY,41655,60,24,16,0,0,0,250
21,KY,41659,36,24,12,12,16,0,250
21,KY,41660,57.14,28.57,14.29,0,0,0,210
21,KY,41666,54.17,20.83,16.67,8.33,0,0,240
21,KY,41667,66.67,33.33,0,0,0,0,120
21,KY,41669,52.94,29.41,17.65,0,0,0,170
21,KY,41701,48.56,21.63,12.74,7.45,7.21,2.4,4160
21,KY,41712,53.85,23.08,23.08,0,0,0,130
21,KY,41713,50,50,0,0,0,0,120
21,KY,41714,50,21.43,28.57,0,0,0,140
21,KY,41719,50,25,12.5,12.5,0,0,480
21,KY,41721,50,27.27,22.73,0,0,0,220
21,KY,41722,51.56,26.56,10.94,6.25,4.69,0,640
21,KY,41723,55.56,22.22,13.89,8.33,0,0,360
21,KY,41725,54.55,18.18,27.27,0,0,0,110
21,KY,41727,45.95,32.43,16.22,0,5.41,0,370
21,KY,41729,61.11,22.22,16.67,0,0,0,180
21,KY,41731,46.88,25,12.5,9.38,6.25,0,320
21,KY,41739,45.45,27.27,27.27,0,0,0,110
21,KY,41740,52.17,17.39,17.39,0,13.04,0,230
21,KY,41746,50,25,15,10,0,0,200
21,KY,41749,44.17,25.83,15.83,7.5,6.67,0,1200
21,KY,41751,43.75,43.75,0,12.5,0,0,160
21,KY,41754,42.86,28.57,28.57,0,0,0,140
21,KY,41759,46.67,40,0,13.33,0,0,150
21,KY,41763,43.75,31.25,25,0,0,0,160
21,KY,41764,42.86,35.71,21.43,0,0,0,140
21,KY,41773,52.27,25,9.09,6.82,6.82,0,440
21,KY,41774,45.68,25.93,12.35,8.64,7.41,0,810
21,KY,41776,43.64,25.45,16.36,7.27,7.27,0,550
21,KY,41777,50,25,15,10,0,0,200
21,KY,41804,41.67,25,16.67,16.67,0,0,240
21,KY,41815,50,25,16.67,8.33,0,0,240
21,KY,41817,50,28.57,21.43,0,0,0,140
21,KY,41821,46.15,23.08,30.77,0,0,0,130
21,KY,41822,43.27,25,13.46,8.65,7.69,1.92,1040
21,KY,41824,51.43,22.86,17.14,0,8.57,0,350
21,KY,41825,50,25,25,0,0,0,120
21,KY,41826,48.28,27.59,13.79,10.34,0,0,290
21,KY,41828,52.17,26.09,21.74,0,0,0,230
21,KY,41831,47.22,27.78,11.11,5.56,8.33,0,360
21,KY,41832,36.36,27.27,36.36,0,0,0,110
21,KY,41833,80,0,20,0,0,0,100
21,KY,41834,50,31.25,18.75,0,0,0,160
21,KY,41835,47.62,28.57,14.29,9.52,0,0,210
21,KY,41836,51.72,24.14,13.79,10.34,0,0,290
21,KY,41837,44.44,25,16.67,8.33,5.56,0,360
21,KY,41838,50,25,12.5,12.5,0,0,160
21,KY,41839,40.91,36.36,22.73,0,0,0,220
21,KY,41840,51.28,23.08,12.82,7.69,5.13,0,390
21,KY,41843,52.17,30.43,8.7,8.7,0,0,230
21,KY,41844,50,21.43,21.43,0,7.14,0,280
21,KY,41845,60,20,20,0,0,0,100
21,KY,41847,42.86,28.57,14.29,14.29,0,0,140
21,KY,41855,55.56,27.78,16.67,0,0,0,180
21,KY,41858,47.46,23.31,13.14,8.05,6.78,1.27,2360
21,KY,41862,56.52,17.39,13.04,13.04,0,0,230
21,KY,42001,39.03,21.12,13.03,9.21,12.81,4.79,13350
21,KY,42003,44.32,23.89,12.52,8.24,9.31,1.73,12140
21,KY,42020,37.5,22.92,18.75,9.38,11.46,0,960
21,KY,42021,44.26,26.23,11.48,8.2,9.84,0,610
21,KY,42023,39.58,25,13.54,11.46,10.42,0,960
21,KY,42024,42.11,22.81,14.04,8.77,12.28,0,570
21,KY,42025,37.07,23.72,14.54,10.61,12.04,2.03,8390
21,KY,42027,36.84,23.16,14.74,10.53,11.58,3.16,950
21,KY,42028,48,20,16,16,0,0,250
21,KY,42029,37.68,22.89,15.49,9.86,12.68,1.41,2840
21,KY,42031,43.55,24.19,13.71,8.06,8.87,1.61,1240
21,KY,42035,34.09,25,13.64,13.64,13.64,0,440
21,KY,42036,40.82,28.57,14.29,10.2,6.12,0,490
21,KY,42038,37.93,24.63,14.29,9.85,11.33,1.97,2030
21,KY,42039,37.68,27.54,14.49,10.14,10.14,0,690
21,KY,42040,41.67,29.17,14.58,6.25,8.33,0,480
21,KY,42041,50.61,23.78,12.2,6.71,6.71,0,1640
21,KY,42044,33.33,22,16.67,11.33,13.33,3.33,1500
21,KY,42045,38.04,25,15.22,8.7,13.04,0,920
21,KY,42048,49.47,25.26,12.63,6.32,6.32,0,950
21,KY,42049,48.57,24.29,12.86,8.57,5.71,0,700
21,KY,42050,55.1,24.49,9.18,5.1,6.12,0,980
21,KY,42051,38.28,25.78,15.63,10.16,10.16,0,1280
21,KY,42053,37.04,22.22,14.81,11.11,12.96,1.85,2160
21,KY,42054,37.21,27.91,13.95,9.3,11.63,0,430
21,KY,42055,39.82,24.78,13.27,9.73,10.62,1.77,1130
21,KY,42056,44.71,22.35,12.94,9.41,10.59,0,850
21,KY,42058,39.81,26.21,16.5,8.74,8.74,0,1030
21,KY,42064,44.65,24.21,13.21,8.81,8.18,0.94,3180
21,KY,42066,44.12,25.89,13.27,7.66,7.44,1.62,9270
21,KY,42069,36.36,25,13.64,11.36,13.64,0,440
21,KY,42071,43.72,23.29,13.16,8.4,9.18,2.25,11550
21,KY,42076,45,22.5,12.5,10,10,0,400
21,KY,42078,37.14,25.71,18.57,10,8.57,0,700
21,KY,42079,44.44,25.93,12.96,9.26,7.41,0,540
21,KY,42081,39.77,21.59,17.05,11.36,10.23,0,880
21,KY,42082,37.5,22.5,17.5,10,12.5,0,800
21,KY,42083,38.46,23.08,15.38,23.08,0,0,130
21,KY,42085,42.86,28.57,17.14,11.43,0,0,350
21,KY,42086,37.17,21.47,13.61,10.99,15.18,1.57,1910
21,KY,42087,36.67,27.78,14.44,10,11.11,0,900
21,KY,42088,40.95,26.67,15.24,8.57,8.57,0,1050
21,KY,42101,48.51,28.17,12.16,5.77,4.72,0.66,22860
21,KY,42102,35.71,24.29,15.71,8.57,10,5.71,700
21,KY,42103,33.68,22.77,12.49,8.92,14.69,7.45,9530
21,KY,42104,36.23,22.68,13.81,10.45,13.61,3.22,15210
21,KY,42120,46.07,28.09,14.61,6.74,4.49,0,890
21,KY,42122,29.86,19.91,14.22,13.27,18.01,4.74,2110
21,KY,42123,40.63,28.13,15.63,15.63,0,0,320
21,KY,42127,48.67,26.62,13.69,5.7,4.56,0.76,2630
21,KY,42129,51.28,26.37,12.45,5.86,4.03,0,2730
21,KY,42133,48.21,28.57,14.29,3.57,5.36,0,560
21,KY,42134,41.63,27.71,14.86,7.36,7.1,1.34,7470
21,KY,42140,44.44,33.33,11.11,6.67,4.44,0,450
21,KY,42141,42.69,26.74,13.45,8.13,7.35,1.64,12790
21,KY,42154,50,23.33,16.67,10,0,0,300
21,KY,42156,38.46,30.77,15.38,15.38,0,0,130
21,KY,42159,38.18,29.09,14.55,9.09,9.09,0,550
21,KY,42160,43.9,29.27,13.41,7.32,6.1,0,820
21,KY,42164,42.09,27.65,13.98,8.6,6.61,1.08,6510
21,KY,42166,45.56,26.67,15.56,6.67,5.56,0,900
21,KY,42167,49.35,26.45,11.29,7.1,4.52,1.29,3100
21,KY,42170,36.23,24.64,15.94,10.14,13.04,0,690
21,KY,42171,38.08,26.16,16.56,10.26,7.62,1.32,3020
21,KY,42202,44.33,26.8,12.37,7.22,9.28,0,970
21,KY,42204,37.93,27.59,13.79,6.9,13.79,0,290
21,KY,42206,38.08,26.78,17.15,9.21,7.53,1.26,2390
21,KY,42207,43.75,29.17,14.58,8.33,4.17,0,480
21,KY,42210,44.05,28.57,15.48,6.55,5.36,0,1680
21,KY,42211,40.59,25.41,15.36,8.78,8.41,1.46,5470
21,KY,42214,48.15,25.93,14.81,11.11,0,0,270
21,KY,42215,38,28,16,8,10,0,500
21,KY,42217,37.58,26.85,17.45,9.4,8.72,0,1490
21,KY,42220,42.91,27.56,13.39,7.87,6.69,1.57,2540
21,KY,42223,52.12,39.41,5.93,1.69,0.85,0,4720
21,KY,42232,34.29,28.57,17.14,8.57,11.43,0,350
21,KY,42234,44.71,29.41,12.94,5.88,7.06,0,850
21,KY,42236,32.43,27.03,16.22,10.81,13.51,0,370
21,KY,42240,44.25,26.84,12.78,7.52,6.88,1.74,17290
21,KY,42254,45.45,27.27,27.27,0,0,0,110
21,KY,42256,37.89,27.89,15.79,10.53,7.89,0,1900
21,KY,42259,46.15,23.08,15.38,7.69,7.69,0,390
21,KY,42261,39.95,28.64,14.57,8.79,7.29,0.75,3980
21,KY,42262,50.33,36.42,8.61,2.98,1.66,0,3020
21,KY,42265,39.02,21.95,14.63,9.76,14.63,0,410
21,KY,42266,42.39,25,14.13,8.7,9.78,0,920
21,KY,42273,35,30,20,15,0,0,200
21,KY,42274,37.5,25.96,15.38,8.65,12.5,0,1040
21,KY,42275,39.39,27.27,15.15,9.09,9.09,0,330
21,KY,42276,40.49,27.32,14.96,8.62,7.48,1.14,6150
21,KY,42280,47.37,26.32,15.79,10.53,0,0,190
21,KY,42285,44.44,27.78,27.78,0,0,0,180
21,KY,42286,38.98,22.03,15.25,8.47,11.86,3.39,590
21,KY,42301,40.32,25.88,13.98,9.01,9.16,1.66,19320
21,KY,42303,38.7,25,13.48,8.72,10.96,3.13,17880
21,KY,42320,42.69,27.46,14.63,8.36,5.97,0.9,3350
21,KY,42321,44.44,27.78,11.11,16.67,0,0,180
21,KY,42323,38.46,25.64,12.82,12.82,10.26,0,390
21,KY,42324,35.56,26.67,15.56,11.11,11.11,0,450
21,KY,42325,39.02,26.83,14.63,9.76,9.76,0,820
21,KY,42326,35.71,35.71,28.57,0,0,0,140
21,KY,42327,37.65,23.53,14.12,10.59,11.76,2.35,1700
21,KY,42328,40,29.09,14.55,7.27,9.09,0,550
21,KY,42330,43.49,23.96,14.2,9.17,7.69,1.48,3380
21,KY,42333,42.86,30.95,14.29,11.9,0,0,420
21,KY,42337,48.61,26.39,15.28,6.94,2.78,0,720
21,KY,42339,41.18,26.47,14.71,11.76,5.88,0,340
21,KY,42343,40.54,29.73,14.86,8.11,6.76,0,740
21,KY,42344,47.06,23.53,14.71,14.71,0,0,340
21,KY,42345,37.38,25,15.19,10.28,10.51,1.64,4280
21,KY,42347,40.89,27.53,13.77,8.91,7.69,1.21,2470
21,KY,42348,34.8,22.06,18.63,13.73,10.78,0,2040
21,KY,42349,42.86,30.61,14.29,8.16,4.08,0,490
21,KY,42350,38.89,27.78,14.81,9.26,9.26,0,540
21,KY,42351,36.87,19.55,17.88,12.85,11.17,1.68,1790
21,KY,42352,39.74,28.21,11.54,11.54,8.97,0,780
21,KY,42354,50,35.71,0,14.29,0,0,140
21,KY,42355,35.8,25.93,16.05,12.35,9.88,0,810
21,KY,42361,42.86,23.81,14.29,19.05,0,0,210
21,KY,42366,32.97,20.51,16.12,13.92,14.65,1.83,2730
21,KY,42367,50,27.5,12.5,10,0,0,400
21,KY,42368,40,25.45,16.36,10.91,7.27,0,550
21,KY,42369,46.15,30.77,23.08,0,0,0,130
21,KY,42371,50,18.18,13.64,18.18,0,0,220
21,KY,42372,37.14,28.57,15.71,10,8.57,0,700
21,KY,42376,33.81,23.02,16.91,12.59,11.87,1.8,2780
21,KY,42378,33.1,24.14,20,12.41,10.34,0,1450
21,KY,42404,36.84,21.05,17.89,12.63,11.58,0,950
21,KY,42406,32.76,25,17.24,13.79,11.21,0,1160
21,KY,42408,41.28,26.81,15.32,9.36,7.23,0,2350
21,KY,42409,34.83,23.6,15.73,12.36,13.48,0,890
21,KY,42410,51.85,25.93,11.11,5.56,5.56,0,540
21,KY,42411,37.88,27.27,15.15,12.12,7.58,0,660
21,KY,42413,27.78,20.63,15.87,14.29,17.46,3.97,1260
21,KY,42420,39.79,25.37,13.74,9.16,9.84,2.1,16160
21,KY,42431,40.22,24.37,13.77,9.69,9.69,2.26,11040
21,KY,42436,31.15,19.67,18.03,16.39,14.75,0,610
21,KY,42437,38.41,25.83,13.58,10.6,9.93,1.66,3020
21,KY,42440,40,28.57,17.14,14.29,0,0,350
21,KY,42441,31.58,24.56,17.54,14.04,12.28,0,570
21,KY,42442,40.17,23.93,17.09,10.26,8.55,0,1170
21,KY,42445,42.27,25.05,15.03,7.84,8.5,1.31,4590
21,KY,42450,41.56,25.97,14.29,9.74,7.14,1.3,1540
21,KY,42451,36.67,30,16.67,6.67,10,0,300
21,KY,42452,29.81,24.04,16.35,13.46,16.35,0,1040
21,KY,42453,43.48,30.43,13.04,13.04,0,0,230
21,KY,42455,36.5,32.12,13.87,8.03,9.49,0,1370
21,KY,42456,32.39,19.72,18.31,15.49,14.08,0,710
21,KY,42458,38.64,25,15.91,9.09,11.36,0,440
21,KY,42459,40,25.45,14.55,10.91,7.27,1.82,1650
21,KY,42461,42.86,25.4,14.29,9.52,7.94,0,630
21,KY,42462,32.14,25,16.07,12.5,14.29,0,560
21,KY,42464,41.33,24,14.67,9.33,10.67,0,750
21,KY,42501,48.05,27.77,11.7,6.55,4.68,1.25,6410
21,KY,42503,39.94,24.97,13.78,8.72,9.69,2.91,9290
21,KY,42516,52.94,23.53,23.53,0,0,0,170
21,KY,42518,43.7,29.41,12.61,6.72,7.56,0,1190
21,KY,42519,54.62,26.05,10.92,5.04,3.36,0,1190
21,KY,42528,51.79,26.79,8.93,5.36,7.14,0,560
21,KY,42533,50,28.95,13.16,7.89,0,0,380
21,KY,42539,51.1,26.92,11.81,5.77,4.4,0,3640
21,KY,42541,47.62,28.57,9.52,14.29,0,0,210
21,KY,42544,46.19,27.35,13.45,6.73,4.93,1.35,2230
21,KY,42553,43.54,26.79,15.31,7.66,6.7,0,2090
21,KY,42565,47.83,26.09,13.04,13.04,0,0,230
21,KY,42566,54.17,25,12.5,8.33,0,0,240
21,KY,42567,46.51,27.91,14.88,5.58,5.12,0,2150
21,KY,42602,51.57,28.21,10.54,4.84,3.99,0.85,3510
21,KY,42603,47.06,29.41,23.53,0,0,0,170
21,KY,42629,46.52,27.27,12.3,5.88,6.42,1.6,1870
21,KY,42631,50,30,20,0,0,0,100
21,KY,42633,48.15,28.77,11.68,6.41,4.27,0.71,7020
21,KY,42634,58.54,26.83,9.76,4.88,0,0,410
21,KY,42635,53.1,27.43,10.62,4.42,4.42,0,1130
21,KY,42642,48.2,27.2,12.2,6.6,5,0.8,5000
21,KY,42647,53.57,25,11.61,5.36,4.46,0,1120
21,KY,42649,53.33,24.44,13.33,8.89,0,0,450
21,KY,42653,49.31,29.17,11.81,4.86,4.86,0,1440
21,KY,42701,35.99,24.33,14.92,9.93,12.1,2.73,23060
21,KY,42712,42.86,28.57,18.18,6.49,3.9,0,770
21,KY,42713,47.22,30.56,13.89,8.33,0,0,720
21,KY,42715,56.25,25,18.75,0,0,0,160
21,KY,42716,36.51,30.16,15.87,11.11,6.35,0,630
21,KY,42717,49.18,28.28,11.89,5.33,4.51,0.82,2440
21,KY,42718,45.12,26,14.14,7.37,6.08,1.29,10040
21,KY,42721,44.2,26.09,15.94,7.25,6.52,0,1380
21,KY,42722,48.39,25.81,12.9,12.9,0,0,310
21,KY,42724,36.53,24.66,17.81,10.05,9.59,1.37,2190
21,KY,42726,42.78,27.22,15.56,7.22,7.22,0,1800
21,KY,42728,50.33,25.42,12.88,5.69,4.68,1,5980
21,KY,42729,40,29.09,14.55,9.09,7.27,0,550
21,KY,42732,42.11,30.26,14.47,7.89,5.26,0,760
21,KY,42733,46.15,32.69,13.46,7.69,0,0,520
21,KY,42740,36.9,22.62,15.48,10.71,14.29,0,840
21,KY,42741,58.33,41.67,0,0,0,0,120
21,KY,42743,46.63,27.86,13.49,6.16,4.99,0.88,3410
21,KY,42746,49.3,26.76,14.08,7.04,2.82,0,710
21,KY,42748,40.27,26.4,15.2,8.53,8.53,1.07,3750
21,KY,42749,45.05,30.69,12.87,6.93,4.46,0,2020
21,KY,42753,50,31.82,9.09,9.09,0,0,220
21,KY,42754,44.65,27.16,13.24,7.47,6.28,1.19,5890
21,KY,42757,47.58,25,15.32,6.45,5.65,0,1240
21,KY,42762,52.94,23.53,23.53,0,0,0,170
21,KY,42764,39.13,34.78,13.04,13.04,0,0,230
21,KY,42765,43.83,31.06,12.34,6.81,5.96,0,2350
21,KY,42776,38.74,27.03,16.22,9.91,8.11,0,1110
21,KY,42782,43.24,29.73,16.22,5.41,5.41,0,370
21,KY,42784,44.14,25.23,15.32,9.01,6.31,0,1110
21,KY,42788,33.33,33.33,16.67,16.67,0,0,120
34,NJ,7001,29.9,22.5,16.55,13.21,15.97,1.89,6890
34,NJ,7002,35.31,24.7,15.95,9.41,12.15,2.49,31780
34,NJ,7003,29.26,23.73,17.37,10.89,15.26,3.49,26080
34,NJ,7004,25.94,15.96,12.22,10.97,22.94,11.97,4010
34,NJ,7005,26.64,17.05,13.13,9.85,20.83,12.5,7920
34,NJ,7006,22.73,13.97,12.08,9.08,23.84,18.31,12670
34,NJ,7008,38.92,25.17,15.5,9,10.42,1,12000
34,NJ,7009,23.16,14.52,12.72,10.6,25.61,13.38,6130
34,NJ,7010,34.68,20.59,14.26,9.28,14.94,6.24,11850
34,NJ,7011,42.86,28.52,13.69,7.19,6.99,0.75,20020
34,NJ,7012,24.54,20.4,18.1,12.42,19.17,5.37,6520
34,NJ,7013,27.63,20.11,15.53,11.35,19.63,5.75,14620
34,NJ,7014,26.18,21.09,15.64,12.73,19.27,5.09,2750
34,NJ,7016,23.43,13.13,11.76,9.96,25.92,15.79,11650
34,NJ,7017,45.2,31.06,13.49,5.58,4.32,0.36,16680
34,NJ,7018,46.72,30.53,12.98,5.57,3.89,0.31,13100
34,NJ,7020,19.74,14.03,13.7,10.77,24.96,16.8,6130
34,NJ,7021,20.91,8.18,8.18,6.36,18.18,38.18,1100
34,NJ,7022,47.27,24.44,12.86,6.91,7.23,1.29,6220
34,NJ,7023,22.71,11.63,10.53,8.59,29.64,16.9,3610
34,NJ,7024,25.99,17.59,14.84,11.57,20.18,9.83,18930
34,NJ,7026,40.69,28.37,15.79,7.4,7.01,0.72,15260
34,NJ,7027,25.76,18.34,17.03,13.1,20.52,5.24,2290
34,NJ,7028,20.53,8.21,8.21,7.62,21.11,34.31,3410
34,NJ,7029,38.4,25.93,14.88,8.53,10.5,1.75,9140
34,NJ,7030,12.6,13.53,18.14,13.49,21.86,20.38,29050
34,NJ,7031,27.54,22.58,17.51,11.47,17.87,3.02,8280
34,NJ,7032,38.4,25.74,14.94,9,10.12,1.8,18880
34,NJ,7033,28.95,20.57,15.31,11,20.33,3.83,4180
34,NJ,7034,26.2,20.37,19.33,13.93,17.67,2.49,4810
34,NJ,7035,25.09,18.73,16.55,13.27,21.09,5.27,5500
34,NJ,7036,35.33,26.98,16.66,9.6,10.18,1.25,22390
34,NJ,7039,22.52,10.19,9.05,7.91,23.24,27.08,14030
34,NJ,7040,25.45,15.46,11.61,8.88,18.87,19.73,11710
34,NJ,7041,22.82,13.51,9.61,7.81,19.82,26.43,3330
34,NJ,7042,25.41,17.92,14.92,9.45,16.64,15.67,13340
34,NJ,7043,20.07,8.96,7.71,7.17,21.33,34.77,5580
34,NJ,7044,20.94,13.82,12.68,10.4,25.5,16.67,7020
34,NJ,7045,24.52,12.07,10.15,8.05,22.61,22.61,5220
34,NJ,7046,23.12,7.04,5.03,5.03,17.09,42.71,1990
34,NJ,7047,42.16,25.92,14.49,7.4,8.15,1.88,29200
34,NJ,7050,47.51,31.25,12.12,4.91,3.71,0.49,14270
34,NJ,7052,28.38,17.98,13.1,9.63,19.61,11.3,23360
34,NJ,7054,25.31,18.39,15.81,11.74,20.9,7.87,14740
34,NJ,7055,52.24,29.37,9.73,3.64,3.67,1.35,29690
34,NJ,7057,33.56,26.61,17.8,10,10.34,1.69,5900
34,NJ,7058,24.09,14.6,12.41,9.85,22.99,16.06,2740
34,NJ,7059,24.78,12.02,8.89,7.01,18.4,28.91,7990
34,NJ,7060,43.55,28.99,12.18,6.35,7.26,1.67,20940
34,NJ,7062,39.74,26.78,13.83,8.15,9.75,1.75,6870
34,NJ,7063,40.63,28.91,13.75,7.34,8.28,1.09,6400
34,NJ,7064,33.17,21.29,15.84,11.39,15.84,2.48,2020
34,NJ,7065,32.32,24.27,17.04,10.55,13.86,1.96,14790
34,NJ,7066,24.91,15.87,14.65,10.62,25.03,8.91,8190
34,NJ,7067,27.08,16.31,14.18,11.41,24.63,6.4,9380
34,NJ,7068,21.13,13.1,12.8,11.31,23.51,18.15,3360
34,NJ,7069,23.1,12.21,9.9,7.26,20.46,27.06,3030
34,NJ,7070,24.07,17.86,15.03,10.89,21.46,10.68,9180
34,NJ,7071,28.17,22.05,17.82,11.61,16.83,3.51,11110
34,NJ,7072,29.91,22.12,16.82,11.21,16.51,3.43,3210
34,NJ,7073,28.26,21.94,17.19,12.65,16.4,3.56,5060
34,NJ,7074,36.84,26.32,13.16,9.21,11.84,2.63,1520
34,NJ,7075,23.53,17.65,15.01,11.16,24.54,8.11,4930
34,NJ,7076,23.74,13.58,12.21,9.14,22.8,18.53,11710
34,NJ,7077,29.58,22.54,15.49,11.97,18.31,2.11,1420
34,NJ,7078,21.9,6.03,4.83,3.62,12.41,51.21,5800
34,NJ,7079,22.59,13.06,10.07,7.89,20.95,25.44,7350
34,NJ,7080,28.92,19.58,15.08,11,21.25,4.17,12000
34,NJ,7081,23.51,15.79,14.04,11.23,24.21,11.23,8550
34,NJ,7082,27.37,11.93,10.18,8.42,21.75,20.35,2850
34,NJ,7083,28.88,21.21,16.02,11.5,18.88,3.51,27910
34,NJ,7086,25.1,19.51,15.47,10.66,17.56,11.7,7690
34,NJ,7087,50.69,27.29,11.43,4.9,4.68,1.01,31840
34,NJ,7088,36.93,28.98,17.61,8.52,7.95,0,1760
34,NJ,7090,21.78,9.5,8.41,6.8,20.03,33.48,13680
34,NJ,7092,21.12,10.56,9.94,8.39,25.78,24.22,3220
34,NJ,7093,45.09,24.44,12.07,6.22,8.55,3.62,29250
34,NJ,7094,23.47,17.13,14.75,11.42,23.16,10.07,9630
34,NJ,7095,28.35,20.33,16.23,11.34,18.87,4.89,10230
34,NJ,7102,45.74,26.6,12.55,5.74,5.53,3.83,4700
34,NJ,7103,55.68,27.29,10.03,4.12,2.64,0.23,12860
34,NJ,7104,49.16,30.88,11.78,4.6,3.16,0.41,22150
34,NJ,7105,50.16,25.98,12.35,6.1,4.77,0.64,18860
34,NJ,7106,47.62,30.84,12.75,5.05,3.52,0.22,13650
34,NJ,7107,54.52,30.12,9.96,3.32,2.09,0,16270
34,NJ,7108,59.34,26.62,9.29,2.81,1.94,0,10330
34,NJ,7109,33.16,26.94,17.1,10.15,11.4,1.26,19120
34,NJ,7110,24.46,18.19,15.09,11.39,23.05,7.82,14840
34,NJ,7111,48.92,30.75,12.35,4.71,3.09,0.19,25920
34,NJ,7112,49.7,31.5,11.43,4.32,2.79,0.25,11810
34,NJ,7114,57.11,27.16,9.39,3.81,2.54,0,3940
34,NJ,7201,50.69,30.15,11.23,4.62,3.08,0.23,13000
34,NJ,7202,46.61,30.06,13.45,5.59,3.98,0.31,19330
34,NJ,7203,37.13,28.64,16.35,8.49,8.49,0.9,11070
34,NJ,7204,29.57,22.75,17.83,11.45,16.09,2.32,6900
34,NJ,7205,35.3,27.1,16.86,9.44,9.71,1.59,11330
34,NJ,7206,54.55,29.79,9.78,3.67,2.22,0,13090
34,NJ,7208,42.95,28.46,13.43,6.32,7.38,1.46,15040
34,NJ,7302,13.86,12.98,14.7,13.02,26.21,19.22,25030
34,NJ,7304,43.81,28.23,12.79,6.98,6.98,1.22,22210
34,NJ,7305,43.05,26.7,13.23,6.68,8.18,2.16,30080
34,NJ,7306,38.32,23.82,15,10.34,10.57,1.95,26200
34,NJ,7307,37.06,26.01,15.9,9.13,9.83,2.07,21260
34,NJ,7310,14.45,11.05,14.73,15.16,26.91,17.71,7060
34,NJ,7311,7.14,8.93,12.5,16.07,33.93,21.43,560
34,NJ,7401,24.38,10,9.38,7.5,20.63,28.13,3200
34,NJ,7403,28.02,17.74,15.17,12.34,21.85,4.88,3890
34,NJ,7405,25.71,14.62,12.64,10,22.31,14.73,9100
34,NJ,7407,32.64,24.91,16.32,10.57,13.87,1.7,10600
34,NJ,7410,25.12,15.86,14.04,10.9,25.18,8.9,16520
34,NJ,7416,33.33,23.91,15.22,11.23,14.49,1.81,2760
34,NJ,7417,25,10.45,8.77,6.72,17.91,31.16,5360
34,NJ,7418,28.32,15.93,13.27,12.39,24.78,5.31,1130
34,NJ,7419,26.54,20.59,16.14,13.38,19.75,3.61,4710
34,NJ,7420,29.27,20.33,15.04,14.23,19.11,2.03,2460
34,NJ,7421,26.4,17.42,15.73,13.2,22.19,5.06,3560
34,NJ,7422,26.23,20.06,16.98,14.2,19.75,2.78,3240
34,NJ,7423,19.9,8.9,8.38,6.81,21.99,34.03,1910
34,NJ,7424,28.81,20.61,15.77,10.69,18.35,5.78,12810
34,NJ,7430,24.25,15.17,13.27,10.27,22.35,14.69,12660
34,NJ,7432,25.07,15.88,13.09,10.58,25.07,10.31,3590
34,NJ,7435,26.4,15.2,12.8,12,24,9.6,1250
34,NJ,7436,24.51,12.5,10.71,9.58,28.25,14.45,6160
34,NJ,7438,26.25,15.89,13.04,10.71,26.79,7.32,5600
34,NJ,7439,26.45,22.31,16.53,12.4,19.83,2.48,1210
34,NJ,7440,28.7,17.39,12.17,10.87,23.48,7.39,2300
34,NJ,7442,27.26,18.58,16.28,11.68,21.77,4.42,5650
34,NJ,7444,24.25,15.45,14.62,11.46,23.59,10.63,6020
34,NJ,7446,24.4,12.4,10.67,8.67,22.8,21.07,7500
34,NJ,7450,22.33,9.66,8.3,6.84,20.69,32.18,10970
34,NJ,7452,20.67,9.31,8.01,6.89,24.39,30.73,5370
34,NJ,7456,23.3,14.46,13.44,11.22,27.04,10.54,5880
34,NJ,7457,21.79,18.38,18.38,13.25,22.65,5.56,2340
34,NJ,7458,24.23,10.2,7.47,5.83,16.76,35.52,5490
34,NJ,7460,24.24,16.36,16.36,14.55,23.03,5.45,1650
34,NJ,7461,31.2,19.74,14.22,11.14,20.07,3.64,9070
34,NJ,7462,31.38,21.7,16.72,11.44,15.84,2.93,3410
34,NJ,7463,23.58,14.74,12.21,10.11,28.84,10.53,4750
34,NJ,7465,24.55,16.77,14.67,13.47,24.55,5.99,3340
34,NJ,7470,25.26,14.98,12.24,10.21,23.86,13.45,25570
34,NJ,7480,26.75,16.18,15.29,12.1,23.57,6.11,7850
34,NJ,7481,23.48,9.72,8.84,7.7,21.34,28.91,7920
34,NJ,7501,61.14,28.34,6.77,2.1,1.51,0.13,15210
34,NJ,7502,46.96,30.53,11.77,5.43,4.79,0.52,7730
34,NJ,7503,52.41,30.35,10.3,3.81,2.91,0.22,8930
34,NJ,7504,49.85,30.85,10.67,4.53,3.8,0.29,6840
34,NJ,7505,61.4,28.07,7.02,3.51,0,0,1140
34,NJ,7506,29.11,21.2,15.92,10.85,18.36,4.56,9860
34,NJ,7508,36.88,24.7,13.46,8.09,12.52,4.34,11740
34,NJ,7512,27.91,19.59,16.27,10.91,19.41,5.91,5410
34,NJ,7513,54.68,32.42,9.19,2.42,1.29,0,6200
34,NJ,7514,51.61,31.61,10,3.76,3.01,0,9300
34,NJ,7522,58.9,29.2,8.24,2.44,1.22,0,9830
34,NJ,7524,58.32,30.95,7.15,2.33,1.24,0,6430
34,NJ,7601,34.95,25.08,16.37,9.7,11.56,2.34,23090
34,NJ,7603,32.57,22.48,15.14,11.7,15.37,2.75,4360
34,NJ,7604,26.42,19.29,14.26,10.7,22.37,6.97,6170
34,NJ,7605,29.18,16.94,12.47,9.18,19.76,12.47,4250
34,NJ,7606,36.69,27.34,16.55,7.19,10.07,2.16,1390
34,NJ,7607,26.56,18.11,16.7,11.27,21.73,5.63,4970
34,NJ,7620,21.59,12.5,10.23,7.95,14.77,32.95,880
34,NJ,7621,31.63,20.57,14.2,10.18,18.37,5.05,13660
34,NJ,7624,26.21,13.49,10.69,8.65,20.61,20.36,3930
34,NJ,7626,24.05,13.67,11.14,10.13,21.27,19.75,3950
34,NJ,7627,23.21,11.16,8.93,6.7,20.54,29.46,2240
34,NJ,7628,28.23,18.17,14.86,10.97,23.2,4.57,8750
34,NJ,7630,24.58,13.56,12.15,9.89,26.27,13.56,3540
34,NJ,7631,34.07,22.31,13.1,8.29,12.89,9.35,14120
34,NJ,7632,20.61,11.45,9.16,9.16,19.47,30.15,2620
34,NJ,7640,22.97,10.81,10.36,8.56,25.23,22.07,2220
34,NJ,7641,22.56,10.37,9.15,7.93,20.73,29.27,1640
34,NJ,7642,26.36,11.87,10.06,8.45,26.36,16.9,4970
34,NJ,7643,34.14,24.12,17.25,10.02,12.43,2.04,5390
34,NJ,7644,37,27.89,16.5,8.64,8.8,1.18,12730
34,NJ,7645,22.91,12.65,10.74,8.83,23.63,21.24,4190
34,NJ,7646,25.96,19.3,15.79,11.46,21.29,6.2,8550
34,NJ,7647,29.29,16.32,13.39,9.62,23.01,8.37,2390
34,NJ,7648,25,16.29,12.12,8.71,21.59,16.29,2640
34,NJ,7649,21.23,12.02,10.23,8.18,24.3,24.04,3910
34,NJ,7650,42.61,23.15,13.26,7.17,10.33,3.48,9200
34,NJ,7652,25.86,15.75,12.62,9.87,22.73,13.17,12760
34,NJ,7656,24.77,13.74,11.04,9.46,25,15.99,4440
34,NJ,7657,35.3,22,14.42,9.98,14.05,4.25,5410
34,NJ,7660,31.6,23.29,15.88,10.24,15.13,3.86,6740
34,NJ,7661,23.68,14.57,12.02,10.2,26.05,13.48,5490
34,NJ,7662,27.48,19.87,16.56,12.25,19.87,3.97,3020
34,NJ,7663,26.68,21.45,15.55,12.33,19.97,4.02,7460
34,NJ,7666,28.76,17.04,13.16,10.02,19.51,11.51,19370
34,NJ,7670,24.56,10.14,9.03,6.66,17.75,31.85,6310
34,NJ,7675,25.15,13.86,11.29,9.47,23.03,17.2,13200
34,NJ,7676,22.86,13.03,11.54,10.68,27.56,14.32,4680
34,NJ,7677,23.33,9.67,8.67,6.67,18.67,33,3000
34,NJ,7701,30.1,18.65,13.21,9.45,18.33,10.25,12490
34,NJ,7702,24.51,10.78,10.29,7.84,25.49,21.08,2040
34,NJ,7704,26.16,7.89,7.17,6.81,20.07,31.9,2790
34,NJ,7711,25.3,16.87,13.25,9.64,20.48,14.46,830
34,NJ,7712,35.29,22.54,12.7,8.42,14.22,6.84,20320
34,NJ,7716,27.25,17.09,13.63,9.47,19.86,12.7,4330
34,NJ,7717,24.77,18.35,17.43,9.17,17.43,12.84,1090
34,NJ,7718,28.16,18.04,13.92,11.71,23.42,4.75,3160
34,NJ,7719,30.3,18.47,13.62,10.38,18.3,8.94,11750
34,NJ,7720,30.04,26.61,15.88,9.01,12.88,5.58,2330
34,NJ,7721,29.7,23.03,16.97,10.91,16.97,2.42,1650
34,NJ,7722,26.92,11.74,9.51,7.09,18.22,26.52,4940
34,NJ,7723,29.27,19.51,14.63,7.32,14.63,14.63,410
34,NJ,7724,30.15,20.61,14.44,9.12,18.16,7.52,11840
34,NJ,7726,27.63,15.06,11.3,9.12,23.73,13.16,22040
34,NJ,7727,28.32,18.62,13.52,9.18,20.15,10.2,3920
34,NJ,7728,32.6,17.33,12.03,8.76,19.76,9.53,27180
34,NJ,7730,28.56,17.32,13.42,11.24,23.97,5.5,8720
34,NJ,7731,30.75,17.16,12.61,10.78,23.34,5.36,19580
34,NJ,7732,28.57,20.82,16.33,11.43,15.92,6.94,2450
34,NJ,7733,23.23,11.48,9.03,7.48,21.42,27.35,7750
34,NJ,7734,39.17,24.37,14.62,9.39,11.37,1.08,5540
34,NJ,7735,32.37,22.33,15.92,11.43,16.03,1.92,9360
34,NJ,7737,30.48,16.19,13.81,10.95,20.48,8.1,2100
34,NJ,7738,26.85,9.73,8.39,7.38,25.84,21.81,2980
34,NJ,7739,23.84,10.26,8.28,7.28,23.51,26.82,3020
34,NJ,7740,42.59,24.39,12.53,7,9.8,3.68,13570
34,NJ,7746,25.53,11.37,9.48,8.58,24.64,20.4,8970
34,NJ,7747,26.89,16.3,14.01,10.72,23.53,8.56,15770
34,NJ,7748,26.65,14.37,12.43,9.63,23.85,13.07,13920
34,NJ,7750,24.29,11.86,11.86,9.6,19.77,22.6,1770
34,NJ,7751,26.4,12.79,9.15,8,24.01,19.65,9620
34,NJ,7753,33.77,23.09,15.39,10.39,14.46,2.89,20400
34,NJ,7755,30.99,16.61,11.5,10.86,22.04,7.99,3130
34,NJ,7756,31.14,22.75,15.57,8.98,14.97,6.59,1670
34,NJ,7757,28.13,14.93,12.85,9.38,21.88,12.85,2880
34,NJ,7758,28.93,16.94,14.46,11.16,22.73,5.79,2420
34,NJ,7760,25.27,11.11,8.5,6.97,16.12,32.03,4590
34,NJ,7762,27.92,16.67,14.38,9.79,18.13,13.13,4800
34,NJ,7764,29.88,15.98,13.02,10.36,21.01,9.76,3380
34,NJ,7801,41.28,27.92,12.96,7.2,9.12,1.52,12500
34,NJ,7803,27.45,21.08,16.67,13.24,19.12,2.45,2040
34,NJ,7820,30,20,20,0,30,0,100
34,NJ,7821,25.69,15.97,13.19,10.65,24.77,9.72,4320
34,NJ,7822,30.19,15.09,13.21,9.43,24.53,7.55,530
34,NJ,7823,31.96,21.21,14.88,11.85,17.36,2.75,3630
34,NJ,7825,26.95,17.82,13.59,12.25,23.39,6.01,4490
34,NJ,7826,27.06,19.8,15.18,12.54,21.12,4.29,3030
34,NJ,7827,31.69,21.31,16.94,12.02,15.3,2.73,1830
34,NJ,7828,27.22,22.78,15.98,10.21,18.2,5.62,6760
34,NJ,7830,23.64,12.46,10.54,9.27,22.36,21.73,3130
34,NJ,7832,31.35,16.76,14.59,10.27,22.16,4.86,1850
34,NJ,7834,22.5,14.13,13.04,10.87,25.22,14.24,9200
34,NJ,7836,25.09,15.92,12.46,10.03,23.7,12.8,5780
34,NJ,7838,29.41,17.06,12.94,11.18,23.53,5.88,1700
34,NJ,7840,27.89,20.33,14.38,10.64,20.47,6.29,14950
34,NJ,7843,27.63,21.19,17.29,12.71,18.31,2.88,5900
34,NJ,7847,28.26,21.74,17.39,11.96,17.39,3.26,920
34,NJ,7848,30.04,18.83,15.25,8.97,19.28,7.62,2230
34,NJ,7849,24.94,18.31,15.1,10.98,22.88,7.78,4370
34,NJ,7850,29.64,19.76,15.87,12.28,19.46,2.99,3340
34,NJ,7851,26.32,21.05,15.79,10.53,26.32,0,190
34,NJ,7852,30.65,16.08,12.06,10.55,20.6,10.05,1990
34,NJ,7853,24.46,10.91,9.09,8.1,26.94,20.5,6050
34,NJ,7856,22.48,18.22,18.6,13.18,21.71,5.81,2580
34,NJ,7857,34.68,26.01,16.76,10.4,10.98,1.16,1730
34,NJ,7860,29.28,19.22,14.39,11.56,20.55,4.99,12020
34,NJ,7863,30.39,18.63,15.69,12.75,19.61,2.94,2040
34,NJ,7865,24.8,19.2,14.4,12,20.8,8.8,1250
34,NJ,7866,25.46,17.2,13.03,11.47,25.28,7.56,11510
34,NJ,7869,24.04,13.08,10.96,8.91,22.65,20.36,12230
34,NJ,7871,25.25,11.87,10.65,9.13,26.06,17.04,9860
34,NJ,7874,27.91,18.9,15.82,11.65,21.98,3.74,4550
34,NJ,7876,25.14,13.7,12.38,11.26,27.58,9.94,5330
34,NJ,7878,24.07,14.81,16.67,14.81,24.07,5.56,540
34,NJ,7880,27.27,27.27,27.27,0,18.18,0,110
34,NJ,7882,30.43,20.34,15.01,10.38,19.35,4.49,7130
34,NJ,7885,30.68,23.05,14.43,10.95,17.74,3.15,6030
34,NJ,7901,24.26,12.22,9.44,7.41,16.02,30.65,10800
34,NJ,7920,22.5,9.61,9.99,8.01,21.21,28.68,13110
34,NJ,7921,18.78,15.38,15.38,11.76,25.11,13.57,4420
34,NJ,7922,22.41,10.87,9.51,7.98,23.6,25.64,5890
34,NJ,7924,25.83,12.5,9.17,6.94,17.5,28.06,3600
34,NJ,7926,25,9.09,6.82,9.09,20.45,29.55,440
34,NJ,7927,24.04,14.9,13.46,10.1,25.48,12.02,2080
34,NJ,7928,21.6,9,7.87,7.2,18.79,35.55,8890
34,NJ,7930,26.7,10.44,8.25,6.07,20.39,28.16,4120
34,NJ,7931,26.83,10.98,7.32,4.88,14.63,35.37,1640
34,NJ,7932,21.65,13.76,11.01,9.36,23.49,20.73,5450
34,NJ,7933,24.7,13.25,10.24,10.84,23.49,17.47,1660
34,NJ,7934,24,12,8,6.67,20,29.33,750
34,NJ,7935,21.43,10.71,10.71,10.71,17.86,28.57,280
34,NJ,7936,25.71,14.86,12.35,9.68,23.71,13.69,5990
34,NJ,7940,25.07,13.02,10.53,7.62,19.39,24.38,7220
34,NJ,7945,23.66,8.39,7.53,5.81,18.28,36.34,4650
34,NJ,7946,24.36,10.26,8.97,8.97,23.08,24.36,1560
34,NJ,7950,20.57,13.84,13.16,10.33,26.12,15.98,10260
34,NJ,7960,25.59,16.6,12.82,8.44,17.7,18.86,21690
34,NJ,7974,21.75,10.62,10.27,8.22,23.29,25.86,5840
34,NJ,7976,20.31,7.81,9.38,6.25,15.63,40.63,640
34,NJ,7977,31.25,18.75,10.42,8.33,12.5,18.75,480
34,NJ,7979,22.58,9.68,6.45,9.68,25.81,25.81,310
34,NJ,7980,28.69,15.57,12.3,9.84,19.67,13.93,1220
34,NJ,7981,23.98,13.62,13.41,10.57,25.41,13.01,4920
34,NJ,8001,27.12,20.34,16.95,11.86,23.73,0,590
34,NJ,8002,29.11,21.2,15.03,11.29,18.94,4.43,11510
34,NJ,8003,24.88,13.53,11.42,9.79,24.75,15.64,14710
34,NJ,8004,30.65,22.09,16.44,12.84,16.44,1.54,5840
34,NJ,8005,32.59,21.17,14.89,11.58,17.04,2.73,12090
34,NJ,8006,26.32,13.16,13.16,13.16,23.68,10.53,380
34,NJ,8007,30.56,22.62,17.06,11.51,16.27,1.98,2520
34,NJ,8008,28.78,16.63,12.9,10.42,20.1,11.17,4030
34,NJ,8009,28.81,21.42,15.54,11.61,19.16,3.47,6630
34,NJ,8010,34.79,28.9,15.78,8.94,10.27,1.33,5260
34,NJ,8012,31.18,22.47,16.17,11.23,16.59,2.36,19050
34,NJ,8014,30.77,23.08,19.23,15.38,11.54,0,260
34,NJ,8015,33.01,28.88,17.81,10.42,9.55,0.33,9210
34,NJ,8016,32.5,23.24,14.47,9.69,16.86,3.25,16310
34,NJ,8019,28.26,19.57,19.57,10.87,21.74,0,460
34,NJ,8020,25.19,16.03,16.79,12.21,22.9,6.87,1310
34,NJ,8021,38.15,29.7,15.03,7.83,8.31,0.98,22490
34,NJ,8022,24.37,15.97,14.5,11.55,24.16,9.45,4760
34,NJ,8023,37.5,29.17,16.67,16.67,0,0,240
34,NJ,8026,29.73,20.72,14.41,11.71,18.92,4.5,1110
34,NJ,8027,30.61,20.41,17.96,12.65,16.73,1.63,2450
34,NJ,8028,34.82,20.84,13.98,10.84,17.11,2.41,8300
34,NJ,8029,32.17,24.78,14.78,12.17,14.78,1.3,2300
34,NJ,8030,39.32,27.52,15.04,8.89,8.38,0.85,5850
34,NJ,8031,34.15,26.58,17.43,10.56,10.39,0.88,5680
34,NJ,8033,22.24,14.13,11.06,8.48,22.85,21.25,8140
34,NJ,8034,26.74,17.55,13.95,11.21,22.73,7.82,9460
34,NJ,8035,25.13,16.31,14.17,11.5,23.53,9.36,3740
34,NJ,8036,27.42,17.1,12.58,10,22.58,10.32,3100
34,NJ,8037,34.11,23.98,13.85,9.7,15.41,2.94,11550
34,NJ,8038,28.57,21.43,28.57,0,21.43,0,140
34,NJ,8041,31.91,14.89,12.77,10.64,21.28,8.51,470
34,NJ,8042,30.77,15.38,30.77,0,23.08,0,130
34,NJ,8043,25.46,17.48,13.98,10.27,20.26,12.55,14020
34,NJ,8045,39.57,27.34,15.83,8.63,8.63,0,1390
34,NJ,8046,35.81,28.2,17.19,9.77,8.35,0.68,16170
34,NJ,8048,29.66,20.75,12.64,9.08,19.12,8.75,6170
34,NJ,8049,31.8,26.82,18.01,10.73,11.49,1.15,2610
34,NJ,8050,33.41,19.27,14.76,11.11,18.03,3.42,12870
34,NJ,8051,29.78,22.61,16.54,10.85,17.28,2.94,5440
34,NJ,8052,30.31,29.81,18.66,10.07,10.46,0.69,10130
34,NJ,8053,25.41,17.4,15.17,11.46,22.55,8.01,23730
34,NJ,8054,25.02,18.7,15.82,11.42,20.53,8.5,22940
34,NJ,8055,24.23,13.91,11.61,9.82,25.73,14.7,13950
34,NJ,8056,21.36,10.91,10,9.55,31.36,16.82,2200
34,NJ,8057,27.04,13.57,10.03,7.47,18.78,23.11,10170
34,NJ,8059,32.53,23.53,16.61,11.42,14.88,1.04,2890
34,NJ,8060,30.29,24.43,15.55,10.75,16.12,2.85,12280
34,NJ,8061,22.3,13.51,14.86,12.16,31.08,6.08,1480
34,NJ,8062,27.34,13.74,9.91,8.59,24.83,15.59,7570
34,NJ,8063,32.17,26.57,16.08,11.89,13.29,0,1430
34,NJ,8064,28.57,21.43,28.57,0,21.43,0,140
34,NJ,8065,29.32,26.7,18.06,11.78,12.57,1.57,3820
34,NJ,8066,41.03,30.43,14.4,6.52,7.61,0,3680
34,NJ,8067,28.74,21.84,14.94,10.34,21.84,2.3,870
34,NJ,8068,33.86,29.11,15.82,9.81,10.44,0.95,3160
34,NJ,8069,39.85,29.07,13.53,7.68,8.78,1.1,5470
34,NJ,8070,30.49,23.62,15.58,11.89,16.42,2.01,5970
34,NJ,8071,29.83,21.46,15.88,12.23,17.38,3.22,4660
34,NJ,8072,40,24,12,12,12,0,250
34,NJ,8073,33.33,19.05,14.29,9.52,23.81,0,210
34,NJ,8075,31.61,22.82,15.21,10.61,16.68,3.07,14330
34,NJ,8077,25.64,18.13,14.62,11.23,23.89,6.49,9710
34,NJ,8078,32.07,27.27,17.42,11.11,11.36,0.76,3960
34,NJ,8079,41.85,23.13,12.78,7.93,12.56,1.76,4540
34,NJ,8080,28.26,17.22,13.67,10.76,22.66,7.43,18580
34,NJ,8081,33.08,21.55,14.52,10.9,17.05,2.9,23760
34,NJ,8083,31.86,23.85,16.83,9.82,15.43,2.2,4990
34,NJ,8084,31.21,24.57,15.32,10.98,15.61,2.31,3460
34,NJ,8085,26.14,15.4,12.04,10.74,26.79,8.89,9220
34,NJ,8086,27.63,21.08,18.27,12.18,17.33,3.51,4270
34,NJ,8087,33.36,22.77,16.18,11.34,14.43,1.92,11990
34,NJ,8088,30.01,18.2,14.3,10.47,20.28,6.73,12030
34,NJ,8089,34.72,25.91,14.51,9.84,13.47,1.55,1930
34,NJ,8090,27.49,21.41,16.06,12.41,18.73,3.89,4110
34,NJ,8091,34.51,23.59,15.49,10.56,12.68,3.17,2840
34,NJ,8092,36.56,18.82,10.75,9.14,18.82,5.91,1860
34,NJ,8093,37.27,28.78,14.7,8.9,9.73,0.62,4830
34,NJ,8094,32.41,22.02,14.94,10.8,17.09,2.73,19070
34,NJ,8095,38.46,30.77,30.77,0,0,0,130
34,NJ,8096,31.01,23.05,15.96,11.73,15.68,2.57,17480
34,NJ,8097,28.22,22.09,14.72,12.88,19.63,2.45,1630
34,NJ,8098,29.08,18.91,14.18,11.35,21.04,5.44,4230
34,NJ,8102,61.62,27.68,5.9,2.58,2.21,0,2710
34,NJ,8103,58.92,29.12,8.35,2.26,1.35,0,4430
34,NJ,8104,62.37,29.07,6.45,1.41,0.7,0,8530
34,NJ,8105,58.33,31.75,7.51,1.73,0.69,0,11590
34,NJ,8106,30.1,22.18,16.83,10.69,18.02,2.18,5050
34,NJ,8107,36.96,25.31,15.64,8.59,11.66,1.84,6520
34,NJ,8108,24.28,19.7,16.72,12.89,21.09,5.32,9390
34,NJ,8109,34.34,25.02,16.33,10.12,12.6,1.6,11270
34,NJ,8110,43.91,31.18,13.05,7.01,4.53,0.32,9270
34,NJ,8201,36.22,24.66,14.84,9.44,12.72,2.12,5190
34,NJ,8202,24.36,15.38,11.54,10.26,20.51,17.95,780
34,NJ,8203,33.04,23.66,15.18,9.38,14.29,4.46,4480
34,NJ,8204,36.08,23.94,14.25,9.8,12.69,3.23,8980
34,NJ,8205,34.81,25.89,15.26,9.7,12.41,1.93,14020
34,NJ,8210,36.68,21.98,13.62,10.16,14.58,2.99,8370
34,NJ,8212,25,16.67,25,0,33.33,0,120
34,NJ,8215,35.86,23.26,15.19,9.69,13.57,2.42,6190
34,NJ,8221,30.49,15.38,12.91,10.71,18.13,12.36,3640
34,NJ,8223,29.91,18.75,16.52,11.16,18.3,5.36,2240
34,NJ,8224,32.14,25,17.86,10.71,14.29,0,280
34,NJ,8225,33.64,20.82,14.19,10.53,16.7,4.12,4370
34,NJ,8226,33.12,18.34,13.15,9.58,17.53,8.28,6160
34,NJ,8230,30.36,17.82,14.85,10.89,21.12,4.95,3030
34,NJ,8232,54.11,32.14,8.44,3.14,2.16,0,9240
34,NJ,8234,36.01,23.25,14.24,9.73,13.79,2.97,22190
34,NJ,8240,33.33,23.33,13.33,13.33,16.67,0,300
34,NJ,8241,29.51,18.03,18.03,9.84,21.31,3.28,610
34,NJ,8242,42.64,26.9,13.2,8.63,8.63,0,1970
34,NJ,8243,27.43,17.7,15.93,9.73,20.35,8.85,1130
34,NJ,8244,38.81,25.45,14.62,8.84,10.47,1.81,5540
34,NJ,8246,30.77,23.08,30.77,0,15.38,0,130
34,NJ,8247,28,16,10,10,24,12,500
34,NJ,8251,43.04,27.44,15.38,7.28,6.24,0.62,4810
34,NJ,8260,49.15,22.65,11.11,6.27,8.26,2.56,7020
34,NJ,8270,35.73,23.34,14.41,9.8,14.12,2.59,3470
34,NJ,8302,41.71,28.95,12.65,6.91,8.54,1.24,17790
34,NJ,8310,38.27,25.93,16.05,7.41,9.88,2.47,810
34,NJ,8311,38.3,24.47,15.96,10.64,10.64,0,940
34,NJ,8312,33.07,23.36,17.32,11.55,13.39,1.31,3810
34,NJ,8314,30.77,23.08,23.08,23.08,0,0,130
34,NJ,8316,36,20,16,12,16,0,250
34,NJ,8317,32.2,20.34,18.64,13.56,15.25,0,590
34,NJ,8318,32.05,21.64,14.77,10.91,16.78,3.86,5960
34,NJ,8319,26.98,20.63,17.46,12.7,22.22,0,630
34,NJ,8320,40,30,30,0,0,0,100
34,NJ,8322,31.3,19.92,14.23,11.79,19.51,3.25,4920
34,NJ,8323,30.56,19.44,13.89,13.89,22.22,0,360
34,NJ,8324,35,25,20,20,0,0,200
34,NJ,8326,35,32.5,15,10,7.5,0,800
34,NJ,8327,32.35,26.47,20.59,11.76,8.82,0,340
34,NJ,8328,31.82,25.76,15.15,12.12,15.15,0,660
34,NJ,8329,30.77,23.08,23.08,23.08,0,0,130
34,NJ,8330,34.94,25.07,15.27,10.09,12.75,1.87,13880
34,NJ,8332,40.11,26.22,14.39,8.32,9.76,1.19,15980
34,NJ,8340,27.27,22.73,15.91,13.64,20.45,0,440
34,NJ,8341,41.89,28.38,12.16,6.76,10.81,0,740
34,NJ,8343,27.68,20.54,15.18,10.71,20.98,4.91,2240
34,NJ,8344,33.21,25,16.43,9.64,13.93,1.79,2800
34,NJ,8345,38.89,25,19.44,8.33,8.33,0,360
34,NJ,8346,41.03,25.64,15.38,12.82,5.13,0,390
34,NJ,8348,28.57,21.43,35.71,0,14.29,0,140
34,NJ,8349,40.51,27.85,15.19,7.59,8.86,0,790
34,NJ,8350,35.14,21.62,18.92,10.81,13.51,0,370
34,NJ,8352,30.3,30.3,18.18,9.09,12.12,0,330
34,NJ,8353,34.62,19.23,15.38,15.38,15.38,0,260
34,NJ,8360,42.23,30.97,13.4,6.32,6.42,0.66,19630
34,NJ,8361,29.21,22.98,16.17,11.2,16.86,3.58,8660
34,NJ,8401,60.3,27.37,6.84,2.58,2.19,0.71,15490
34,NJ,8402,27.34,17.65,14.88,9.69,19.03,11.42,2890
34,NJ,8403,27.08,12.5,12.5,8.33,20.83,18.75,480
34,NJ,8406,40.12,24.44,13.03,7.54,11.2,3.67,4910
34,NJ,8501,25,13.72,9.76,11.59,25.3,14.63,3280
34,NJ,8502,23.14,10.66,8.05,6.44,22.74,28.97,4970
34,NJ,8505,24.7,21.27,16.54,11.82,20.62,5.05,9310
34,NJ,8510,27.73,13.03,9.66,7.98,23.53,18.07,2380
34,NJ,8511,26.53,24.49,18.37,10.2,20.41,0,490
34,NJ,8512,26.29,18.9,13.06,8.42,18.73,14.6,5820
34,NJ,8514,26.58,16.67,12.61,9.91,22.07,12.16,2220
34,NJ,8515,19.52,12.75,9.96,10.36,32.67,14.74,2510
34,NJ,8518,29.29,24.64,16.79,10,16.07,3.21,2800
34,NJ,8520,29.39,20.97,14.05,9.13,19.4,7.06,14020
34,NJ,8525,23.63,13.08,12.66,9.7,24.05,16.88,2370
34,NJ,8527,31.1,18.6,13.3,10.67,20.72,5.59,27360
34,NJ,8528,24,16,16,12,24,8,250
34,NJ,8530,23.99,16.67,14.65,11.87,20.2,12.63,3960
34,NJ,8533,30.99,20.47,12.28,9.06,22.22,4.97,3420
34,NJ,8534,22.94,11.23,9.18,8.39,25.32,22.94,6320
34,NJ,8535,27.91,13.57,9.3,6.59,21.71,20.93,2580
34,NJ,8536,19.08,16.03,14.83,13.2,23.45,13.41,9170
34,NJ,8540,21.21,12.69,9.34,7.59,21.45,27.72,20560
34,NJ,8542,29.48,23.7,11.56,6.36,15.03,13.87,1730
34,NJ,8550,20.31,9.72,7.86,6.55,24.02,31.55,9160
34,NJ,8551,27.84,13.75,8.59,8.93,21.65,19.24,2910
34,NJ,8553,25,12.5,15,10,20,17.5,400
34,NJ,8554,29.73,26.49,17.3,11.35,13.51,1.62,1850
34,NJ,8555,26.83,12.2,19.51,14.63,19.51,7.32,410
34,NJ,8558,21.1,8.38,7.23,5.2,19.65,38.44,3460
34,NJ,8559,23.89,14.98,12.96,11.34,23.08,13.77,2470
34,NJ,8560,22.41,11.49,12.07,10.34,27.59,16.09,1740
34,NJ,8561,41.18,17.65,17.65,0,23.53,0,170
34,NJ,8562,34.14,24.5,14.46,8.84,14.46,3.61,2490
34,NJ,8608,57.89,31.58,10.53,0,0,0,380
34,NJ,8609,54.74,32.46,8.6,2.63,1.58,0,5700
34,NJ,8610,34.86,27.52,16.4,9.45,10.74,1.03,15550
34,NJ,8611,54.73,31.28,8.85,2.98,1.85,0.31,9720
34,NJ,8618,44.54,27.83,12.74,6.5,7.41,0.98,15380
34,NJ,8619,27.02,21.21,17,11.95,19.11,3.7,11880
34,NJ,8620,26.98,19.71,14.86,11.63,22.46,4.36,6190
34,NJ,8628,22.5,22.5,17.88,14.23,18.65,4.23,5200
34,NJ,8629,45.27,33.33,12.77,4.81,3.81,0,6030
34,NJ,8638,40.06,26.99,14.58,7.95,9,1.42,10560
34,NJ,8640,17.89,42.11,22.11,10.53,7.37,0,950
34,NJ,8641,36.93,34.09,14.77,7.95,6.25,0,1760
34,NJ,8648,26.72,18.58,15.01,10.91,20.04,8.73,15120
34,NJ,8690,24.36,17.66,15.77,12.46,24.08,5.67,10590
34,NJ,8691,21.99,13.07,12.68,10.48,24.84,16.95,7730
34,NJ,8701,40.14,28.72,11.92,6.71,8.56,3.95,31890
34,NJ,8720,28.57,14.29,10.71,7.14,23.21,16.07,560
34,NJ,8721,30.29,20.75,15.29,12.12,18.57,2.98,10070
34,NJ,8722,32.48,21.83,16.88,12.11,15.05,1.65,5450
34,NJ,8723,32.01,22.56,15.55,10.67,16.34,2.87,16400
34,NJ,8724,31.47,20.74,15.78,11.05,17.14,3.82,21990
34,NJ,8730,27.88,12.64,11.15,8.18,21.19,18.96,2690
34,NJ,8731,30.76,20.15,16.01,11.67,18.13,3.28,10370
34,NJ,8732,26.44,18.39,13.79,10.34,21.84,9.2,870
34,NJ,8733,37.68,28.99,15.22,10.14,7.97,0,1380
34,NJ,8734,30.21,18.72,13.64,11.76,21.12,4.55,3740
34,NJ,8735,27.17,17.34,15.03,12.14,19.65,8.67,1730
34,NJ,8736,28.3,13.93,11.41,9.04,22.37,14.96,6750
34,NJ,8738,16.28,11.63,9.3,9.3,27.91,25.58,430
34,NJ,8740,35,27,15,10,11,2,1000
34,NJ,8741,28.78,15.83,15.83,10.79,23.02,5.76,1390
34,NJ,8742,28.84,17.56,14.23,10.3,21.42,7.65,13210
34,NJ,8750,23.32,12.95,10.36,8.81,23.32,21.24,1930
34,NJ,8751,43.55,21.51,10.22,9.14,11.29,4.3,1860
34,NJ,8752,27.83,19.13,14.78,10.43,20,7.83,1150
34,NJ,8753,32.24,20.61,15.09,10.66,17.52,3.87,32070
34,NJ,8755,32.53,20.26,14.13,10.02,17.7,5.36,12880
34,NJ,8757,39.26,25.41,16.18,9.17,9.23,0.74,17550
34,NJ,8758,28.4,19.75,15.31,12.35,20,4.2,4050
34,NJ,8759,38.15,24.21,15.73,9.66,10.96,1.29,17800
34,NJ,8801,23.51,12.14,12.14,10.08,23.26,18.86,3870
34,NJ,8802,26.5,14,12,9.5,23.5,14.5,2000
34,NJ,8804,24.83,16.78,14.09,12.08,23.49,8.72,1490
34,NJ,8805,36.01,26.28,13.91,8.19,12.36,3.25,6470
34,NJ,8807,24.76,13.79,11.13,9.12,24.55,16.65,18860
34,NJ,8809,25,15.36,13.57,10,22.5,13.57,2800
34,NJ,8810,24.28,14.88,12.53,10.44,26.89,10.97,3830
34,NJ,8812,28.91,20.53,13.69,9.5,18.58,8.8,7160
34,NJ,8816,26.96,15.97,12.81,9.52,23.32,11.42,23110
34,NJ,8817,27.76,20.57,16.05,12.48,19.21,3.93,22120
34,NJ,8820,23.56,13.13,10.32,9.19,26.27,17.53,17740
34,NJ,8821,24,24,12,16,24,0,250
34,NJ,8822,27.01,14.68,11.75,9.16,22.08,15.32,15400
34,NJ,8823,21.84,18.42,16.92,13.06,22.91,6.85,4670
34,NJ,8824,25.79,13.05,11.01,8.96,27.99,13.21,6360
34,NJ,8825,28.64,16.82,14.09,10,21.82,8.64,2200
34,NJ,8826,26.52,16.29,12.12,10.98,22.35,11.74,2640
34,NJ,8827,26.27,15.21,11.52,11.06,23.5,12.44,2170
34,NJ,8828,24.19,20.97,19.35,12.9,19.35,3.23,1240
34,NJ,8829,25.27,15.38,15.38,12.09,25.27,6.59,1820
34,NJ,8830,29.53,19.5,15.19,12.18,19.5,4.09,9280
34,NJ,8831,26.1,15.66,13.55,10.02,22.68,11.99,26940
34,NJ,8832,41.4,32.48,14.65,6.37,5.1,0,1570
34,NJ,8833,24.29,12.04,10.94,8.97,22.1,21.66,4570
34,NJ,8835,34.53,27.36,16.23,10.19,10.94,0.75,5300
34,NJ,8836,23.38,11.44,8.96,7.96,24.38,23.88,2010
34,NJ,8837,25.72,20.33,16.56,12.05,19.45,5.9,7970
34,NJ,8840,23.64,15.84,13.36,10.87,23.05,13.24,8460
34,NJ,8844,24.76,14.36,12.06,9.6,23.96,15.26,19990
34,NJ,8846,29.97,22.24,16.3,10.64,17.68,3.18,7240
34,NJ,8848,27.49,17.06,12.8,11.37,22.51,8.77,4220
34,NJ,8850,25.47,17.29,13.32,10.98,25.23,7.71,4280
34,NJ,8852,24.07,16.13,12.27,10.35,24.07,13.12,8310
34,NJ,8853,23.57,13.31,11.03,8.75,23.95,19.39,2630
34,NJ,8854,27.78,20.99,15.74,11.25,19.12,5.13,25160
34,NJ,8857,27.31,19.6,14.62,10.91,21.48,6.07,20250
34,NJ,8858,21.05,13.16,7.89,7.89,21.05,28.95,380
34,NJ,8859,29.41,21.42,16.14,11.45,18.2,3.38,12140
34,NJ,8861,49.93,30.1,11.14,4.56,3.88,0.4,27840
34,NJ,8863,29.88,22.14,15.94,12.07,17.18,2.79,6460
34,NJ,8865,35.93,23.6,15.31,9.78,13.18,2.2,14110
34,NJ,8867,26,12.8,10,8.4,24,18.8,2500
34,NJ,8869,31.09,21.14,15.17,9.95,17.16,5.47,4020
34,NJ,8872,28.37,23.55,16.95,10.74,16.95,3.45,10150
34,NJ,8873,26.99,20.93,14.92,10.8,19.51,6.86,27420
34,NJ,8876,26.9,17.99,14.2,10.14,20.63,10.14,11340
34,NJ,8879,30.65,22.5,16.73,11.3,16.02,2.8,11420
34,NJ,8880,31.17,27.13,15.38,10.53,13.77,2.02,2470
34,NJ,8882,33.25,24.01,15.44,11.08,13.46,2.77,7580
34,NJ,8884,30.22,19.41,14.74,11.79,19.9,3.93,4070
34,NJ,8886,29.39,14.24,12.42,9.7,25.15,9.09,3300
34,NJ,8887,23.88,22.39,19.4,11.94,17.91,4.48,670
34,NJ,8889,23.25,13.63,10.22,9.02,24.85,19.04,4990
34,NJ,8901,50.37,30.12,10.18,3.89,4.21,1.23,18760
34,NJ,8902,29.67,22.66,14.69,10.27,17.09,5.62,20830
34,NJ,8904,27.9,20.66,14.63,9.95,17.5,9.35,6630
